<?xml version="1.0" encoding="utf-8" standalone="no"?>
<!DOCTYPE properties SYSTEM "http://java.sun.com/dtd/properties.dtd">
<properties>
<comment>FileVault Package Properties</comment>
<entry key="buildCount">1</entry>
<entry key="version">6.3.0</entry>
<entry key="dependencies" />
<entry key="packageFormatVersion">2</entry>
<entry key="description">${projectName} Content Package</entry>
<entry key="group">${packageGroup}</entry>
<entry key="name">${artifactId}</entry>
<entry key="path">/etc/packages/${packageGroup}/${artifactId}-${version}.zip</entry>
</properties>
