<?xml version="1.0" encoding="UTF-8"?>
<workspaceFilter version="1.0">
    <filter root="/apps/${appsFolderName}"/>
<% if (includeAcsAemCommons && enableErrorHandler) { %>
    <filter root="/apps/sling/servlet/errorhandler"/>
<% } %>
<% if (createEditableTemplatesStructure) { %>
    <filter root="/conf/${appsFolderName}" mode="merge"/>
<% } %>
<% if (createMainClientLib || createDependenciesClientLib) { %>
    <filter root="/etc/clientlibs/${appsFolderName}"/>
<% } %>
<% if (createDesign) { %>
    <filter root="/etc/designs/${designFolderName}">
        <include pattern="/etc/designs/${designFolderName}/jcr:content"/>
<% if (includeAcsAemCommons && enableDhlm) { %>
        <include pattern="/etc/designs/${designFolderName}/jcr:content/clientlibs"/>
        <include pattern="/etc/designs/${designFolderName}/jcr:content/clientlibs/.*"/>
<% } %>
    </filter>
<% } %>
</workspaceFilter>
